"recipeNo";"transactionDate";"qtyOfItem"
6;"2014-07-24 08:03:25";37
6;"2016-03-30 10:03:36";53
6;"2016-04-13 04:37:04";13
7;"2011-02-03 09:45:22";48
9;"2011-07-08 22:25:27";60
9;"2014-06-20 10:55:05";97
9;"2017-06-11 01:09:09";54
10;"2017-06-10 09:26:05";85
11;"2017-07-13 19:39:58";75
13;"2017-04-13 07:56:58";56
14;"2019-03-22 19:01:49";64
16;"2014-04-26 04:51:52";14
17;"2011-01-28 01:49:33";81
17;"2013-04-19 22:37:38";76
17;"2013-11-17 15:44:06";63
18;"2010-06-06 13:36:16";29
18;"2014-02-18 10:39:11";40
19;"2014-06-10 05:17:21";42
19;"2016-05-20 21:46:20";48
21;"2013-07-27 01:11:08";41
22;"2015-03-04 00:02:11";48
22;"2016-02-10 14:16:42";53
23;"2012-07-09 13:54:41";64
24;"2009-11-12 22:22:28";64
24;"2012-10-09 02:50:02";41
26;"2010-02-10 17:16:51";35
26;"2012-12-28 05:57:08";71
26;"2018-06-16 20:34:29";44
27;"2012-03-18 17:15:49";77
27;"2014-03-12 09:55:32";43
28;"2010-02-13 00:18:18";28
28;"2010-09-15 03:58:03";30
28;"2014-04-20 08:57:15";85
30;"2015-08-27 03:47:36";40
31;"2009-11-24 06:29:32";79
33;"2016-08-13 04:27:14";55
34;"2019-08-30 16:09:21";57
35;"2015-09-12 12:48:38";72
35;"2019-08-09 08:50:12";83
36;"2013-04-06 22:23:27";41
36;"2015-08-31 08:18:45";28
40;"2015-02-08 07:51:49";66
41;"2010-06-18 17:39:04";98
41;"2011-07-27 17:22:51";32
43;"2015-10-07 04:04:26";43
44;"2009-12-12 05:09:48";66
46;"2017-09-01 12:08:49";64
47;"2013-12-15 14:56:57";63
47;"2014-09-22 01:04:13";59
47;"2018-07-23 06:22:22";27
48;"2019-02-08 13:31:03";40
49;"2019-07-15 14:57:22";85
50;"2011-06-22 02:54:56";32
50;"2012-11-29 04:23:09";35
50;"2016-11-19 08:31:50";10
50;"2019-09-01 00:38:01";37
51;"2018-12-22 04:50:23";13
53;"2009-12-04 19:39:13";42
54;"2013-04-08 20:43:46";89
56;"2010-10-11 19:48:55";92
57;"2016-03-28 16:14:11";48
58;"2016-11-18 02:48:55";31
58;"2018-07-18 13:20:33";94
59;"2013-05-05 17:44:13";13
60;"2012-10-12 13:29:07";16
61;"2015-05-24 03:13:23";27
61;"2016-06-14 15:45:06";80
62;"2011-03-19 01:07:03";23
62;"2016-08-30 13:35:35";35
62;"2016-12-27 07:19:56";11
63;"2017-11-05 09:04:54";25
64;"2018-04-06 02:06:16";53
66;"2016-06-10 18:43:26";53
67;"2013-08-17 05:54:44";54
71;"2014-05-31 02:31:17";19
71;"2017-03-21 06:41:32";74
73;"2018-06-05 03:18:36";73
74;"2015-08-08 15:43:55";77
74;"2016-11-19 20:23:39";88
76;"2014-08-11 21:48:40";54
77;"2010-01-09 01:52:52";97
79;"2019-01-31 20:47:11";66
80;"2011-01-25 20:03:14";23
83;"2014-11-15 07:43:50";83
84;"2017-07-19 16:45:44";12
85;"2017-06-20 11:49:28";62
85;"2017-09-21 06:05:23";50
85;"2019-10-29 02:58:33";42
89;"2011-10-11 05:51:52";99
89;"2017-08-19 13:19:42";95
90;"2018-01-05 10:32:09";77
93;"2016-10-13 14:04:08";41
95;"2016-11-27 11:56:21";58
98;"2015-11-29 22:41:18";41
98;"2019-08-15 00:09:09";71
99;"2013-11-23 18:13:05";74
100;"2015-04-30 04:11:15";12
101;"2011-05-12 16:58:06";89
101;"2016-02-25 13:13:41";75
101;"2017-08-20 20:03:01";42
104;"2010-08-14 20:28:41";25
104;"2013-10-30 16:49:07";54
107;"2013-05-30 22:17:47";53
107;"2015-10-05 17:25:16";97
108;"2014-01-05 02:27:36";61
108;"2016-10-12 17:00:13";37
109;"2018-06-27 17:40:58";41
114;"2010-10-22 13:55:05";94
114;"2016-01-23 14:43:13";74
115;"2019-07-02 11:54:42";77
116;"2019-02-27 18:42:45";54
117;"2010-10-11 21:24:34";58
118;"2016-04-22 02:29:45";93
119;"2011-06-13 20:39:18";97
122;"2010-11-25 05:40:13";54
122;"2014-02-21 18:44:41";57
122;"2017-07-01 09:34:11";26
124;"2017-11-08 16:58:55";38
125;"2016-11-15 08:26:27";79
126;"2016-11-28 01:56:34";32
126;"2017-01-04 21:47:21";75
127;"2011-08-08 07:58:50";67
127;"2012-01-18 00:31:01";39
127;"2016-08-07 15:50:58";99
128;"2017-04-01 07:54:53";15
129;"2013-05-15 04:22:37";43
129;"2015-03-19 04:51:53";11
131;"2011-07-07 10:05:21";32
131;"2019-06-07 13:29:58";78
132;"2010-04-18 00:53:24";84
132;"2012-01-09 17:26:33";27
132;"2019-02-26 16:28:07";89
135;"2019-10-09 21:03:56";43
137;"2013-03-28 05:20:51";18
137;"2014-08-08 19:26:27";47
139;"2016-12-22 12:34:18";19
139;"2018-08-31 11:32:27";26
140;"2011-03-22 05:15:38";22
142;"2013-12-08 20:54:44";99
143;"2011-05-05 01:05:34";72
143;"2012-02-07 17:45:19";55
145;"2010-06-04 21:04:34";87
146;"2016-10-21 01:58:52";87
148;"2012-11-11 05:54:22";87
149;"2014-08-24 21:14:09";61
149;"2018-10-28 03:43:10";99
149;"2019-07-31 16:29:39";60
150;"2012-08-05 12:21:39";93
150;"2012-09-22 02:44:11";83
151;"2019-06-10 12:01:36";44
152;"2012-01-15 10:31:47";82
153;"2011-07-26 18:17:00";39
153;"2013-05-06 15:24:42";50
153;"2013-06-19 15:55:13";98
153;"2017-12-12 13:44:26";77
154;"2015-09-09 14:27:50";63
155;"2013-05-24 14:49:06";27
156;"2011-03-20 13:21:03";18
156;"2018-07-29 16:29:32";38
157;"2013-08-25 09:33:02";14
157;"2017-03-05 18:56:06";95
158;"2016-09-11 00:33:23";90
158;"2017-09-06 08:36:54";13
159;"2018-12-22 07:06:23";44
160;"2019-05-09 15:31:24";63
161;"2010-04-25 10:05:13";57
161;"2011-01-30 01:26:10";45
162;"2009-12-23 16:45:22";74
162;"2016-06-11 03:55:01";54
163;"2016-08-08 04:39:26";27
167;"2012-11-03 01:25:56";48
167;"2012-11-15 21:03:51";50
168;"2012-08-29 20:49:45";41
168;"2013-08-18 00:37:41";13
170;"2016-12-15 05:35:41";45
170;"2017-08-11 03:42:58";13
170;"2018-01-26 02:10:47";23
172;"2017-03-16 11:50:36";86
173;"2014-12-04 22:40:49";46
174;"2011-10-16 15:22:47";69
175;"2015-02-16 19:07:31";80
176;"2019-08-25 08:44:43";64
178;"2010-06-11 06:37:16";32
178;"2013-09-13 13:54:11";85
178;"2014-12-12 15:46:13";24
180;"2012-02-22 14:51:51";28
182;"2012-02-26 11:10:38";99
182;"2015-03-04 13:47:17";97
182;"2019-04-27 06:32:57";80
184;"2015-04-14 20:00:41";60
185;"2014-02-04 11:56:56";89
185;"2016-01-15 02:16:10";95
186;"2019-07-17 17:18:24";10
187;"2010-06-29 15:39:17";27
187;"2010-08-14 01:47:48";96
187;"2014-03-18 13:51:52";65
190;"2011-07-22 13:14:15";25
191;"2014-06-18 12:02:10";65
192;"2019-09-18 19:12:25";10
193;"2014-10-09 00:20:57";64
193;"2017-12-02 08:54:33";63
195;"2010-04-02 08:14:50";16
197;"2017-04-10 06:26:06";68
198;"2018-07-12 03:24:52";55
200;"2011-09-01 15:24:42";12
200;"2013-01-19 04:37:33";17
201;"2012-06-12 05:53:32";12
202;"2011-10-17 18:21:42";63
203;"2016-12-22 16:35:15";49
203;"2018-12-10 19:48:55";71
208;"2017-10-02 14:01:08";34
209;"2013-03-16 04:08:41";37
209;"2016-07-02 02:28:48";43
210;"2011-12-12 16:58:37";19
211;"2010-11-07 11:46:39";87
211;"2011-03-20 08:27:01";89
213;"2014-12-14 20:18:54";14
213;"2015-12-28 22:17:08";38
213;"2016-04-13 14:19:49";88
217;"2013-04-17 11:40:53";16
218;"2013-02-09 19:20:58";90
220;"2015-07-16 10:51:56";13
221;"2012-08-22 13:45:01";93
221;"2016-09-03 06:50:24";49
221;"2017-11-14 21:53:24";27
222;"2010-04-07 01:07:28";11
222;"2013-12-30 19:18:32";15
222;"2014-07-26 22:47:17";32
222;"2014-09-09 21:11:08";54
224;"2014-08-20 02:04:45";18
224;"2014-11-18 10:44:11";40
225;"2010-10-05 21:25:27";46
225;"2016-01-12 02:25:33";18
226;"2011-01-10 19:40:51";40
226;"2019-08-07 12:26:13";64
227;"2012-10-10 12:33:30";24
228;"2018-02-07 08:53:10";69
231;"2018-06-21 03:30:10";68
233;"2015-01-12 21:08:04";56
234;"2012-12-07 19:05:07";25
235;"2015-02-04 15:26:25";90
236;"2010-04-13 10:31:31";77
238;"2014-04-30 09:01:15";96
238;"2014-12-26 19:39:22";22
239;"2018-11-15 19:20:02";85
241;"2015-09-12 20:50:43";83
243;"2019-04-06 20:05:38";88
244;"2018-06-17 21:12:33";51
246;"2013-01-19 00:29:22";33
246;"2018-06-22 14:03:39";36
247;"2014-08-22 11:50:38";38
247;"2016-06-14 21:26:53";46
249;"2018-06-03 12:28:18";32
255;"2010-05-02 01:19:31";13
255;"2019-11-08 07:31:41";35
256;"2016-11-27 00:32:31";40
256;"2017-10-17 14:29:45";59
256;"2018-01-07 16:00:31";64
256;"2018-08-17 11:48:50";18
258;"2013-04-06 10:22:00";53
259;"2013-05-28 13:46:46";72
259;"2017-05-12 21:24:52";16
260;"2012-10-03 17:57:15";11
261;"2010-06-09 05:10:51";66
263;"2009-12-02 03:40:16";14
264;"2011-11-03 08:37:46";86
264;"2016-07-28 01:30:02";86
265;"2010-06-24 14:39:28";69
265;"2016-03-05 04:29:58";23
267;"2010-06-17 15:46:53";93
268;"2013-06-02 02:18:15";88
268;"2013-11-23 11:22:03";93
268;"2014-01-30 08:32:54";35
268;"2015-09-23 12:43:20";84
268;"2015-12-27 00:24:22";12
269;"2011-07-25 06:28:45";54
269;"2019-09-06 16:31:17";74
270;"2014-08-09 11:02:36";77
271;"2013-06-07 11:31:01";25
271;"2018-06-16 20:04:26";92
274;"2012-04-03 19:29:48";81
274;"2015-05-05 13:57:25";21
276;"2012-07-31 06:50:27";43
276;"2017-03-18 18:10:46";91
280;"2016-07-17 15:04:20";32
280;"2016-11-09 01:50:36";41
282;"2013-08-13 14:34:45";35
283;"2014-05-23 14:34:21";89
284;"2012-01-04 02:52:04";30
284;"2016-07-14 08:18:23";26
285;"2012-04-11 15:52:22";28
287;"2010-07-14 02:17:39";71
288;"2019-11-03 02:52:54";98
295;"2010-06-18 22:40:08";47
295;"2010-12-15 04:38:54";73
295;"2014-07-20 17:42:49";11
295;"2019-05-22 18:20:27";67
296;"2010-10-14 06:18:00";33
298;"2011-04-24 19:00:22";69
302;"2012-09-09 04:38:53";64
303;"2014-12-22 08:23:36";55
303;"2018-08-12 14:26:29";54
304;"2012-04-30 17:13:01";26
304;"2012-07-29 10:45:30";26
305;"2011-09-15 12:37:27";74
307;"2012-03-04 17:22:22";51
307;"2015-06-22 00:13:12";70
310;"2016-08-14 11:02:43";84
311;"2015-11-06 18:02:40";51
314;"2016-10-14 11:44:58";46
317;"2010-09-10 06:11:18";98
317;"2013-01-23 20:18:29";81
320;"2013-12-19 08:41:42";14
320;"2014-09-28 19:12:27";65
320;"2019-04-18 12:28:06";71
320;"2019-10-04 17:31:12";59
321;"2012-09-22 21:21:51";96
321;"2014-05-28 00:00:43";32
322;"2019-02-04 14:11:19";48
325;"2014-06-13 09:11:44";68
328;"2012-04-10 07:27:52";41
328;"2017-09-13 05:45:01";30
328;"2018-03-02 06:08:57";94
329;"2017-10-31 16:50:09";19
330;"2010-04-12 14:56:03";81
331;"2011-01-23 18:26:10";92
331;"2015-10-17 09:33:14";91
331;"2018-08-05 14:22:22";84
332;"2010-11-30 07:10:14";31
334;"2012-03-29 07:17:04";98
334;"2015-10-07 14:14:47";92
335;"2017-01-31 21:12:58";39
338;"2014-10-16 06:57:47";90
338;"2019-02-03 14:49:28";73
339;"2013-07-08 13:53:17";20
339;"2018-11-17 17:41:12";25
340;"2011-12-01 13:08:04";50
340;"2016-01-12 13:19:10";45
343;"2018-06-29 18:14:31";26
345;"2014-08-14 18:56:13";38
347;"2015-09-05 20:06:06";28
347;"2016-09-01 15:05:22";46
349;"2019-04-10 13:19:32";93
349;"2019-10-06 17:49:46";88
352;"2010-05-01 10:10:56";40
352;"2012-05-20 20:32:33";72
352;"2018-03-06 08:31:34";17
353;"2016-06-29 15:43:52";22
353;"2017-07-03 01:08:38";17
356;"2013-04-19 05:40:42";16
356;"2017-06-27 03:52:19";87
357;"2011-07-08 15:03:50";33
359;"2017-10-07 22:49:55";56
360;"2013-06-05 05:50:44";48
361;"2010-03-06 08:05:37";82
361;"2012-09-07 05:27:52";36
361;"2016-01-06 07:06:10";16
361;"2016-04-03 11:33:27";93
362;"2010-03-14 13:23:33";60
363;"2014-02-11 14:46:26";31
363;"2016-07-02 13:25:20";79
369;"2014-07-08 01:46:58";24
369;"2017-07-27 03:32:18";79
370;"2019-06-03 20:46:27";94
371;"2012-04-02 11:32:49";66
372;"2010-08-20 06:53:15";24
372;"2015-11-20 04:07:44";59
374;"2011-08-14 17:28:58";32
374;"2017-04-21 16:06:10";93
374;"2018-01-27 12:40:43";41
375;"2015-05-08 17:46:22";46
376;"2017-08-29 01:27:07";23
376;"2017-11-15 08:04:57";81
376;"2018-04-10 18:04:38";30
377;"2012-04-14 20:35:15";60
377;"2018-01-08 10:03:47";54
379;"2012-04-24 16:03:17";12
382;"2011-02-23 00:12:05";10
382;"2019-09-26 08:55:31";58
385;"2015-08-01 17:48:49";71
385;"2018-05-10 13:24:49";20
388;"2018-01-02 04:22:47";87
389;"2013-09-04 18:41:32";50
389;"2014-09-28 00:42:46";20
389;"2019-02-14 09:26:11";31
390;"2009-11-24 05:02:15";49
390;"2017-05-16 02:17:53";100
393;"2012-12-26 21:21:55";65
393;"2015-05-08 01:42:14";65
394;"2015-08-23 03:46:41";36
395;"2016-06-06 11:40:05";95
396;"2019-09-20 22:32:26";85
398;"2011-03-23 18:42:30";76
398;"2016-06-10 18:47:47";14
399;"2012-09-24 10:44:06";92
400;"2010-12-07 12:26:51";23
400;"2012-06-14 09:51:42";39
400;"2014-11-11 00:03:44";50
400;"2015-04-26 19:38:39";13
401;"2014-07-17 12:25:02";76
402;"2013-02-09 00:53:20";27
403;"2014-06-05 09:17:05";69
403;"2017-03-19 09:23:28";99
406;"2015-03-11 00:05:40";25
407;"2012-09-05 11:28:07";60
410;"2013-12-10 07:12:48";83
411;"2016-04-19 22:11:10";73
412;"2012-03-13 01:24:52";82
412;"2012-03-26 13:49:27";50
412;"2012-11-08 22:55:23";34
413;"2016-07-01 15:12:36";51
414;"2019-09-07 18:09:51";51
415;"2013-12-20 16:09:11";59
416;"2015-03-10 14:06:53";71
417;"2011-03-14 00:01:56";77
417;"2011-09-20 22:53:11";70
417;"2012-04-27 22:53:04";86
417;"2013-02-13 11:04:29";67
417;"2019-05-09 02:20:16";46
417;"2019-06-26 18:51:06";19
418;"2014-09-04 15:06:34";69
422;"2012-08-15 02:39:09";75
422;"2014-04-01 16:40:42";97
424;"2010-01-26 14:19:15";19
425;"2014-08-29 05:06:21";53
425;"2015-06-17 02:55:40";16
426;"2018-08-26 15:57:14";22
427;"2015-06-28 15:47:31";72
429;"2018-11-20 20:27:22";34
430;"2015-04-07 21:46:01";77
434;"2013-04-11 15:29:43";45
437;"2010-03-09 20:09:49";72
438;"2010-07-03 10:57:54";74
438;"2016-07-03 19:20:11";14
440;"2011-07-28 18:13:53";73
441;"2015-01-16 20:52:51";33
441;"2017-11-13 06:17:44";29
444;"2010-03-07 06:39:00";21
445;"2009-11-15 15:33:50";87
446;"2013-06-10 18:57:22";46
447;"2017-09-20 07:51:26";80
448;"2013-01-28 00:37:55";19
448;"2019-05-05 13:18:43";57
449;"2010-03-15 12:57:11";83
449;"2015-04-01 11:15:22";82
451;"2019-01-06 06:09:50";33
452;"2016-03-17 05:19:41";26
454;"2017-04-10 14:23:03";55
454;"2017-11-19 14:25:01";25
455;"2016-02-12 05:15:31";76
456;"2014-02-12 15:49:02";71
456;"2018-08-06 10:30:30";72
457;"2010-05-21 12:17:35";88
457;"2014-10-25 18:12:33";86
460;"2011-06-19 16:17:02";69
461;"2011-02-22 07:55:16";51
463;"2013-12-19 02:30:45";66
463;"2014-04-04 18:17:38";47
464;"2011-06-18 05:10:29";52
465;"2010-01-16 13:30:43";89
465;"2010-12-24 18:25:30";36
467;"2014-07-19 13:18:14";40
469;"2013-06-16 19:09:30";64
472;"2010-06-28 04:12:09";67
472;"2018-01-16 17:08:39";41
474;"2013-01-20 09:06:30";42
475;"2016-07-05 10:56:14";44
476;"2010-12-02 01:08:53";58
476;"2013-12-01 15:38:49";67
478;"2013-06-08 06:38:09";79
480;"2013-07-13 21:17:19";39
480;"2015-11-26 18:15:52";43
482;"2016-02-10 00:27:19";72
483;"2012-07-30 11:28:00";51
484;"2012-08-16 02:15:14";91
485;"2018-05-01 16:42:26";56
487;"2009-11-17 10:36:32";93
488;"2014-12-20 22:08:49";19
488;"2016-09-24 10:37:26";11
489;"2010-11-18 07:33:47";75
489;"2013-07-29 13:24:36";19
489;"2017-06-02 11:54:20";68
490;"2010-04-09 21:54:52";18
491;"2019-06-15 10:28:36";95
493;"2014-09-07 04:11:35";27
493;"2017-04-19 16:20:01";10
494;"2014-09-13 20:49:26";71
495;"2010-04-18 17:03:48";57
495;"2013-09-01 04:15:36";81
496;"2009-12-25 22:40:05";64
498;"2010-08-27 09:58:21";30
498;"2016-12-05 01:55:29";60
502;"2018-11-02 17:18:39";26
503;"2009-12-11 11:42:02";92
503;"2010-06-20 00:01:10";59
505;"2011-06-29 17:40:48";26
507;"2010-05-06 06:46:35";92
507;"2018-12-06 19:23:47";70
508;"2012-09-06 02:27:50";13
510;"2018-04-15 12:50:47";41
511;"2014-06-10 09:08:19";30
511;"2019-01-05 16:08:19";19
512;"2010-11-05 13:30:27";44
513;"2017-02-07 11:18:09";33
514;"2011-12-09 22:47:06";88
514;"2014-11-21 06:57:20";73
514;"2018-06-03 21:52:05";50
517;"2010-08-25 22:49:30";27
517;"2014-12-29 19:58:08";14
517;"2019-11-17 15:06:36";56
518;"2011-06-01 09:31:51";46
519;"2018-07-30 04:20:53";27
520;"2011-12-23 19:24:33";43
521;"2018-07-12 01:44:56";89
521;"2019-05-02 14:05:47";15
522;"2019-11-12 08:49:38";83
523;"2016-08-05 12:53:26";36
524;"2010-06-05 11:36:10";15
525;"2017-05-07 21:06:54";15
525;"2019-10-30 20:05:48";11
529;"2018-09-24 12:30:45";56
532;"2011-06-29 00:29:48";89
532;"2014-08-20 14:43:58";38
533;"2010-12-10 13:49:22";47
534;"2013-12-22 15:51:21";85
536;"2018-06-01 10:32:23";56
536;"2019-05-19 03:15:04";84
538;"2013-08-31 03:39:41";49
540;"2010-06-23 07:34:29";92
541;"2010-03-25 10:19:13";96
542;"2011-03-29 09:06:10";29
542;"2016-04-09 09:56:57";95
543;"2017-02-07 20:36:19";67
546;"2011-01-20 20:41:47";87
546;"2017-04-09 01:13:28";40
547;"2016-09-09 18:55:44";34
548;"2016-07-18 07:22:08";54
549;"2011-06-27 15:46:15";54
549;"2014-03-14 22:55:06";42
549;"2015-04-20 07:24:46";63
550;"2009-12-05 03:47:33";88
550;"2012-11-29 19:49:41";34
550;"2016-02-24 22:23:43";96
551;"2011-08-02 13:20:58";20
551;"2015-12-20 19:11:53";68
551;"2016-11-10 20:11:58";32
553;"2013-06-28 10:45:00";84
553;"2014-04-11 18:28:35";26
553;"2016-11-22 01:19:33";80
554;"2012-12-17 16:24:31";18
554;"2018-09-02 16:26:39";96
556;"2012-06-26 14:23:55";73
557;"2010-10-09 16:44:32";59
557;"2012-02-27 14:19:56";61
558;"2009-12-04 13:52:48";71
559;"2010-01-29 12:22:14";30
560;"2015-10-18 16:49:28";55
561;"2018-10-19 19:41:50";99
562;"2015-08-22 02:33:26";66
562;"2015-12-02 22:45:29";40
562;"2017-05-15 18:53:06";76
563;"2019-10-29 06:09:36";88
564;"2015-10-13 11:11:52";41
564;"2019-01-12 09:39:16";46
565;"2012-02-27 09:23:28";56
565;"2013-08-19 02:07:11";88
566;"2018-08-12 16:28:06";61
567;"2010-02-22 02:56:28";34
569;"2019-10-22 22:57:21";70
570;"2017-12-27 19:35:11";71
571;"2012-07-28 07:42:50";85
572;"2015-06-25 13:57:46";84
574;"2011-06-07 21:57:40";17
574;"2019-11-10 11:27:14";41
575;"2010-04-28 09:10:14";57
575;"2015-04-17 11:15:55";14
576;"2011-02-18 07:36:10";27
576;"2015-11-17 09:47:02";78
578;"2014-07-09 09:43:04";43
578;"2017-10-08 12:06:32";82
578;"2018-12-05 09:23:52";13
580;"2012-03-01 12:54:35";27
582;"2011-10-03 16:44:22";39
584;"2013-06-07 05:21:27";75
584;"2014-07-27 06:54:50";27
584;"2014-09-03 20:43:09";16
584;"2017-04-01 02:38:48";77
585;"2018-07-12 06:36:42";55
585;"2018-12-19 01:36:10";85
585;"2019-08-15 09:55:14";85
588;"2011-12-14 16:41:03";87
588;"2017-12-08 19:00:20";76
590;"2015-01-08 18:38:43";71
590;"2016-02-05 14:42:58";56
590;"2018-02-02 15:16:39";21
590;"2019-09-06 03:14:35";93
593;"2017-05-14 05:12:54";20
593;"2019-06-20 13:41:00";59
595;"2010-08-04 05:25:48";34
595;"2016-01-23 02:01:51";51
596;"2013-05-22 16:01:22";85
596;"2014-03-24 01:54:44";40
596;"2015-08-05 04:19:32";66
596;"2019-04-18 12:01:13";57
598;"2010-07-31 06:25:26";78
599;"2012-06-05 18:52:24";33
600;"2011-05-18 20:52:24";53
600;"2012-11-08 06:36:55";20
602;"2009-12-02 12:36:26";37
603;"2013-02-13 06:52:57";84
604;"2011-02-05 18:15:36";88
604;"2014-06-17 16:16:28";57
605;"2011-07-31 17:30:11";44
605;"2012-05-19 12:43:18";63
605;"2014-01-27 07:17:27";27
605;"2015-07-21 02:47:55";34
605;"2015-09-03 03:15:24";28
605;"2016-03-19 17:34:50";38
606;"2016-07-27 22:06:01";74
607;"2017-10-22 20:20:10";49
608;"2014-02-15 14:10:37";26
608;"2017-01-21 11:13:17";78
609;"2015-03-14 11:40:57";48
610;"2014-03-28 10:49:54";37
612;"2019-04-03 15:56:30";30
617;"2013-03-27 13:43:24";14
618;"2012-10-17 10:36:31";82
618;"2018-05-18 19:16:23";57
619;"2015-02-27 22:51:18";72
620;"2014-08-08 08:55:35";88
621;"2012-10-28 21:39:48";94
621;"2019-05-18 02:19:55";65
622;"2010-09-16 15:10:49";46
622;"2016-01-07 08:24:22";87
626;"2016-04-01 06:11:58";49
626;"2016-09-25 00:46:40";41
629;"2015-07-04 03:38:08";14
629;"2016-03-12 04:52:37";56
630;"2018-01-25 04:23:17";88
633;"2017-12-02 22:33:33";35
633;"2018-09-09 08:49:50";46
636;"2016-04-26 00:26:07";74
637;"2012-02-08 21:08:32";67
638;"2017-09-15 01:46:58";71
638;"2018-03-03 13:27:33";35
638;"2018-09-13 06:45:12";56
638;"2018-10-11 21:24:49";44
639;"2017-05-24 15:15:25";99
640;"2014-09-19 22:21:41";52
643;"2011-04-24 03:01:03";41
643;"2011-11-01 11:55:34";66
645;"2015-05-06 02:11:03";75
645;"2015-09-26 04:24:03";44
646;"2017-11-26 18:14:52";40
647;"2013-04-27 19:01:37";83
647;"2016-11-22 06:58:47";51
648;"2018-06-23 14:30:43";88
649;"2014-05-25 14:51:25";23
649;"2014-12-21 16:43:49";54
649;"2018-04-10 13:19:28";28
650;"2010-01-19 07:44:43";80
650;"2011-09-15 02:44:10";31
651;"2009-11-07 14:24:15";59
652;"2010-08-15 02:28:31";45
652;"2015-06-28 19:54:23";69
655;"2018-12-28 17:12:53";79
656;"2010-08-19 18:41:19";30
657;"2019-08-31 15:17:56";28
660;"2012-11-05 03:02:22";56
662;"2010-08-23 01:04:33";24
663;"2016-11-03 02:11:20";63
664;"2015-07-26 02:53:18";62
664;"2018-10-07 17:53:40";43
665;"2018-11-25 07:33:53";34
667;"2010-10-28 13:43:58";94
667;"2018-08-24 12:34:22";76
668;"2010-12-31 05:10:53";69
668;"2015-05-28 20:21:02";87
669;"2011-11-12 00:26:46";37
669;"2016-07-28 05:03:26";83
671;"2014-08-18 16:16:35";10
672;"2010-04-16 07:53:27";20
672;"2016-05-11 18:02:51";90
674;"2014-06-26 08:37:29";35
676;"2010-07-18 14:37:24";98
676;"2013-01-03 00:46:41";74
676;"2015-05-31 06:44:34";98
677;"2018-06-11 12:39:14";64
679;"2011-03-19 03:21:10";19
679;"2016-03-14 05:47:23";34
679;"2018-01-25 05:23:26";95
680;"2012-03-14 05:21:17";91
680;"2013-04-24 01:14:49";19
681;"2014-08-20 02:20:17";36
681;"2017-01-16 08:51:52";19
682;"2011-01-02 08:52:00";40
682;"2019-06-27 20:42:18";64
684;"2014-09-02 16:17:47";79
685;"2012-10-24 05:06:35";63
685;"2019-06-16 03:00:00";31
686;"2018-03-31 01:43:58";85
688;"2009-12-22 16:17:52";28
688;"2014-05-05 10:55:02";68
693;"2013-09-28 12:50:42";23
694;"2017-04-23 12:15:58";53
697;"2010-10-12 19:17:08";26
698;"2012-06-20 07:46:44";71
698;"2015-12-18 09:27:52";75
700;"2017-05-27 07:23:26";38
704;"2011-08-01 00:00:48";38
704;"2016-08-29 12:39:17";66
705;"2013-02-28 19:34:29";61
706;"2011-11-25 17:09:16";94
707;"2011-02-21 14:25:10";99
707;"2019-01-04 05:37:37";98
708;"2010-10-29 20:56:52";77
712;"2012-07-27 07:22:21";38
712;"2018-03-30 11:30:41";96
713;"2017-10-01 03:02:52";55
714;"2011-12-13 17:09:00";53
714;"2015-10-25 02:42:13";70
716;"2017-10-05 01:15:14";20
717;"2010-02-06 14:43:44";56
718;"2016-06-17 00:43:05";54
719;"2016-05-23 09:25:02";59
720;"2014-08-06 18:15:23";87
721;"2013-05-15 06:05:46";10
721;"2014-08-14 21:28:06";100
723;"2012-03-04 10:56:19";13
725;"2011-09-11 12:17:19";63
726;"2009-11-02 15:02:11";34
727;"2010-04-13 03:40:26";68
728;"2017-09-18 20:04:05";41
728;"2018-08-16 13:33:13";78
729;"2010-03-09 05:29:23";69
730;"2015-06-19 17:23:03";20
730;"2018-09-11 20:25:41";43
732;"2017-06-08 17:21:02";85
734;"2010-09-29 12:56:25";55
734;"2012-02-27 16:11:29";29
734;"2014-10-30 00:54:57";18
734;"2014-11-15 17:00:28";64
737;"2010-01-03 15:36:10";44
737;"2014-02-24 20:55:15";50
738;"2009-12-20 03:57:57";72
738;"2014-06-19 02:52:36";51
738;"2018-04-01 17:55:23";31
739;"2016-05-22 22:16:37";81
740;"2013-12-14 10:52:22";26
741;"2014-02-02 22:55:43";77
741;"2018-08-18 11:05:25";47
741;"2019-09-18 06:35:37";77
742;"2013-06-23 03:39:44";49
743;"2016-08-07 12:02:14";14
744;"2018-03-04 02:43:49";25
747;"2014-12-30 11:07:53";87
747;"2018-06-11 17:15:49";49
747;"2018-11-20 03:49:56";31
748;"2016-05-18 03:56:33";84
749;"2015-09-29 01:17:01";56
750;"2012-04-30 22:45:31";87
750;"2015-04-28 15:37:37";20
750;"2018-04-03 01:55:24";96
750;"2019-09-20 14:42:24";77
751;"2016-01-17 22:06:26";60
751;"2017-06-21 02:01:17";16
752;"2018-04-10 01:45:36";95
758;"2011-01-22 13:19:09";86
758;"2017-03-10 11:09:13";37
758;"2017-03-21 15:19:13";98
758;"2018-10-09 05:20:33";58
760;"2012-02-10 11:22:30";81
761;"2017-08-01 18:03:27";21
762;"2018-11-27 10:34:25";48
763;"2014-06-03 21:58:45";69
763;"2017-07-23 15:09:40";34
763;"2019-07-03 04:19:41";95
764;"2012-01-24 05:55:48";77
767;"2014-03-03 09:31:47";86
770;"2016-04-03 21:38:02";32
771;"2013-04-24 01:48:42";80
773;"2016-03-08 06:17:08";40
774;"2014-03-18 06:54:05";68
775;"2012-09-06 02:43:12";72
775;"2018-02-16 05:05:25";41
777;"2011-09-14 12:21:58";93
778;"2014-12-30 13:55:12";47
778;"2018-09-15 22:46:32";19
780;"2010-04-17 20:22:05";69
780;"2018-07-06 19:40:49";96
781;"2012-05-09 18:02:35";16
782;"2013-06-02 04:21:27";22
782;"2017-04-24 13:12:24";31
783;"2013-07-29 21:04:08";12
784;"2010-10-29 09:51:51";42
785;"2019-01-18 09:33:11";95
786;"2010-01-12 21:25:02";13
786;"2019-06-04 04:48:19";10
787;"2015-03-19 13:14:31";25
788;"2010-01-20 21:55:13";30
790;"2010-10-02 14:11:25";31
790;"2012-08-24 05:29:02";68
790;"2017-05-06 21:18:56";63
790;"2018-05-24 00:57:48";28
791;"2016-05-07 19:27:41";89
792;"2013-07-11 18:08:13";67
792;"2017-12-16 11:04:06";90
795;"2016-10-05 05:09:24";17
796;"2013-07-18 18:03:13";83
797;"2017-04-05 13:23:46";44
798;"2014-02-09 13:34:44";71
801;"2018-07-24 06:55:46";99
803;"2012-05-24 04:47:15";91
803;"2016-12-28 10:45:52";85
804;"2016-04-15 12:29:16";82
804;"2018-05-06 13:14:46";75
805;"2017-11-28 14:50:27";98
806;"2013-01-13 21:03:18";38
808;"2016-09-17 04:17:34";73
810;"2018-10-06 21:29:37";41
812;"2014-05-02 08:55:49";16
812;"2018-02-01 22:15:49";46
813;"2010-11-11 18:41:23";85
813;"2016-12-30 15:24:02";25
815;"2015-01-11 22:18:48";95
816;"2011-01-24 13:28:49";34
820;"2011-02-23 10:18:49";42
821;"2010-10-23 07:02:52";72
825;"2011-10-20 06:49:50";32
825;"2011-11-27 01:29:35";36
826;"2010-01-02 16:57:28";22
827;"2010-12-25 08:43:48";85
828;"2017-01-01 13:41:52";72
830;"2010-02-11 02:31:10";85
831;"2011-01-15 12:22:22";39
833;"2015-02-20 07:08:48";42
834;"2016-03-16 05:43:42";46
836;"2010-06-25 13:19:14";30
836;"2016-01-26 21:31:13";72
836;"2016-07-15 17:41:40";74
837;"2013-06-08 18:26:43";60
840;"2016-08-23 22:01:26";57
841;"2016-03-30 03:35:38";20
841;"2016-06-06 13:52:53";60
843;"2011-07-14 06:09:17";22
843;"2018-10-24 08:20:37";27
845;"2016-06-05 21:54:06";85
847;"2011-10-11 11:52:42";40
848;"2013-08-25 16:28:36";47
849;"2014-02-13 05:32:14";63
849;"2018-03-10 05:12:08";69
850;"2018-06-26 13:53:53";14
851;"2012-01-08 21:34:38";29
855;"2016-06-23 11:01:35";30
856;"2011-10-24 15:02:09";20
857;"2014-06-06 16:50:32";28
858;"2011-10-20 15:56:34";61
858;"2013-12-13 04:58:32";74
862;"2016-05-03 17:33:49";11
863;"2010-06-17 03:57:06";82
863;"2014-03-16 13:12:01";78
866;"2010-12-21 04:53:35";57
866;"2011-05-30 08:39:47";70
870;"2013-08-04 22:07:14";70
870;"2015-01-07 01:29:32";31
870;"2018-11-15 01:05:05";89
871;"2017-03-30 06:38:10";42
871;"2017-09-07 18:26:49";38
872;"2011-06-09 05:54:33";70
872;"2015-12-08 09:16:46";41
873;"2010-06-29 14:13:55";54
873;"2017-07-03 18:57:02";27
873;"2018-04-05 07:26:00";67
873;"2018-08-31 15:21:02";37
882;"2010-06-10 03:44:09";62
882;"2015-03-31 15:17:41";49
882;"2016-08-20 09:07:28";63
883;"2010-09-15 12:34:28";50
885;"2012-12-28 06:28:03";77
885;"2014-12-25 12:53:57";10
886;"2013-03-07 11:45:35";25
887;"2010-08-28 14:08:32";86
888;"2011-08-31 16:23:22";18
888;"2015-10-23 00:01:50";79
893;"2010-06-30 14:01:22";61
893;"2016-07-09 04:17:10";51
894;"2010-08-20 05:37:51";13
894;"2019-06-10 02:08:56";47
895;"2017-04-09 04:46:33";97
897;"2012-12-06 20:00:11";79
900;"2018-11-13 03:13:47";66
902;"2019-01-30 15:29:12";75
903;"2015-08-03 22:48:41";92
904;"2018-12-20 06:19:24";87
905;"2013-12-05 15:25:48";15
905;"2018-11-29 02:35:46";42
907;"2017-05-26 13:43:44";85
908;"2010-08-05 02:16:38";55
908;"2016-10-02 00:03:07";34
908;"2019-08-30 05:52:43";34
909;"2016-05-15 15:26:14";12
911;"2013-07-20 04:21:42";91
913;"2010-02-22 09:16:44";54
913;"2014-10-20 04:09:43";47
914;"2019-11-23 22:15:58";54
915;"2014-10-10 12:05:46";27
920;"2013-03-31 07:21:20";49
921;"2016-08-10 22:16:25";61
921;"2017-12-08 13:25:35";60
921;"2018-04-02 19:21:02";53
924;"2010-05-28 04:31:08";73
925;"2012-03-26 10:41:44";67
925;"2019-05-17 14:18:24";56
926;"2014-03-02 09:36:22";69
928;"2013-08-31 20:22:16";93
928;"2015-01-19 22:47:58";80
929;"2013-03-27 15:58:14";17
930;"2010-02-13 21:54:21";11
930;"2010-05-16 08:02:33";98
930;"2010-08-28 07:39:32";37
930;"2015-01-01 15:55:03";93
932;"2016-03-11 09:47:40";42
933;"2015-09-04 00:31:05";69
933;"2017-03-27 16:18:13";51
933;"2019-10-23 17:38:32";29
934;"2017-11-30 13:03:55";98
934;"2019-06-04 12:50:32";58
935;"2015-10-17 08:43:41";19
936;"2018-04-15 08:43:27";100
937;"2011-02-12 19:19:04";71
937;"2019-11-06 19:53:53";74
942;"2011-04-06 17:55:05";81
942;"2018-03-02 04:42:55";50
943;"2014-12-26 05:30:45";69
943;"2018-08-07 14:22:06";29
944;"2013-10-24 22:06:23";69
946;"2010-12-20 04:46:22";69
948;"2014-11-23 10:25:14";80
949;"2019-01-30 03:44:33";64
950;"2018-07-22 17:34:56";81
950;"2019-02-12 11:30:30";91
952;"2013-07-21 09:52:25";33
952;"2014-05-08 19:34:21";99
953;"2011-02-05 10:30:58";27
953;"2011-09-11 14:17:44";17
953;"2011-10-23 03:37:42";14
953;"2017-02-15 06:53:04";42
953;"2018-09-02 22:36:26";25
955;"2012-06-08 18:48:44";18
955;"2017-03-04 04:13:20";12
956;"2009-12-29 18:01:38";47
956;"2010-11-12 13:28:43";41
958;"2011-05-27 16:08:06";18
958;"2013-09-23 07:48:16";67
958;"2013-11-29 02:17:44";58
958;"2019-10-26 00:50:57";56
960;"2012-06-29 18:21:17";80
960;"2018-06-06 16:25:53";74
966;"2013-06-04 01:07:45";13
970;"2014-10-24 08:29:48";27
971;"2016-07-20 17:08:58";100
973;"2010-06-11 18:17:11";26
973;"2011-11-20 04:38:45";35
975;"2016-01-25 00:55:35";78
977;"2012-08-22 09:41:47";15
977;"2019-07-03 19:21:09";80
978;"2012-06-09 19:48:18";45
979;"2011-10-13 14:36:10";87
983;"2013-01-23 00:06:26";91
984;"2013-03-08 00:30:02";71
984;"2017-12-30 03:53:02";83
986;"2016-10-16 04:30:43";97
987;"2016-07-04 18:25:47";58
987;"2017-09-13 18:28:24";50
989;"2010-08-19 01:13:08";51
990;"2010-05-26 12:32:25";92
990;"2018-03-22 19:41:14";94
991;"2012-11-08 02:55:26";79
991;"2015-11-14 07:02:35";57
995;"2017-07-11 18:01:44";36
997;"2019-03-20 09:19:12";97
1000;"2010-01-31 06:12:14";38
1000;"2010-08-30 20:30:30";81
1000;"2017-04-08 20:53:51";74
1001;"2016-08-19 15:23:00";21
1003;"2011-08-19 15:25:22";18
1003;"2017-10-28 11:49:09";88
1004;"2019-09-12 18:14:14";33
1005;"2019-01-03 01:18:47";12
1011;"2015-12-07 20:24:42";71
1012;"2014-01-13 08:38:03";22
1013;"2012-02-10 16:19:16";42
1014;"2013-09-12 10:41:05";70
1014;"2016-04-18 05:12:43";10
1014;"2016-12-04 14:44:58";51
1015;"2015-08-20 02:37:16";18
1017;"2010-01-10 00:47:06";56
1017;"2016-06-22 12:34:36";63
1017;"2017-01-29 03:09:01";86
1018;"2009-12-10 05:55:04";36
1018;"2017-07-16 08:09:46";90
1020;"2010-08-28 01:03:01";15
1020;"2017-08-29 10:43:00";42
1020;"2019-09-26 05:09:23";32
1021;"2016-12-09 10:07:09";56
1021;"2017-06-20 07:45:04";94
1024;"2010-09-19 12:54:43";79
1026;"2010-10-18 09:11:06";86
1027;"2012-03-27 20:43:28";24
1027;"2016-05-30 16:29:50";78
1027;"2017-04-07 09:26:32";97
1027;"2018-01-15 18:02:36";26
1028;"2010-06-03 03:08:08";27
1029;"2016-07-13 08:42:34";15
1034;"2015-10-02 01:52:03";58
1034;"2018-06-15 22:55:00";47
1035;"2016-10-10 05:44:45";12
1036;"2014-11-09 12:54:14";28
1036;"2014-12-01 22:26:01";40
1036;"2017-12-05 12:20:25";79
1037;"2016-11-16 00:21:21";88
1039;"2012-01-21 18:13:30";15
1039;"2013-09-27 16:18:12";45
1041;"2018-05-23 16:21:54";51
1042;"2015-06-02 10:11:42";98
1042;"2016-04-15 20:49:58";84
1044;"2011-04-07 11:39:40";33
1044;"2011-04-11 19:27:22";100
1044;"2017-01-19 10:51:57";58
1045;"2010-12-03 14:08:49";14
1045;"2011-06-25 04:26:20";91
1046;"2012-09-21 06:32:23";37
1049;"2011-08-27 11:36:37";52
1049;"2014-10-08 07:24:20";27
1054;"2018-06-03 12:46:43";31
1054;"2019-03-09 19:15:30";41
1055;"2011-06-03 14:26:46";56
1058;"2014-04-08 00:22:20";53
1058;"2014-07-10 16:58:52";67
1059;"2014-08-12 07:55:54";42
1059;"2018-04-26 14:02:53";57
1060;"2017-02-22 16:41:21";15
1060;"2018-06-10 03:11:12";92
1061;"2011-09-07 21:48:47";12
1062;"2016-09-02 00:19:23";60
1062;"2018-05-20 16:25:35";89
1063;"2012-10-21 19:33:09";35
1063;"2016-10-12 18:25:31";82
1064;"2011-04-19 05:08:56";77
1065;"2010-07-12 12:30:12";35
1065;"2013-05-10 06:35:15";43
1065;"2017-01-08 04:40:30";28
1065;"2018-05-22 12:38:37";90
1069;"2017-11-18 09:41:08";78
1070;"2010-10-26 07:42:21";85
1072;"2010-12-30 19:34:23";74
1072;"2017-03-27 03:24:02";80
1073;"2012-10-17 05:11:01";14
1073;"2014-11-08 03:00:21";60
1074;"2014-06-20 09:21:01";41
1074;"2014-09-21 01:25:42";82
1074;"2018-08-20 03:43:55";12
1077;"2010-08-27 14:02:50";22
1079;"2011-05-09 20:07:09";100
1082;"2010-03-12 01:02:50";70
1082;"2013-07-10 09:42:46";44
1082;"2018-08-05 18:53:46";11
1083;"2010-04-20 13:09:07";38
1084;"2017-11-28 17:13:17";63
1087;"2014-11-07 04:46:39";81
1088;"2017-06-11 13:10:35";21
1090;"2012-10-04 22:49:41";88
1093;"2018-07-08 21:24:06";93
1094;"2009-12-10 09:32:56";86
1094;"2013-06-14 09:50:22";99
1095;"2010-02-05 16:27:03";82
1095;"2013-06-18 09:02:44";93
1096;"2014-07-06 20:24:00";55
1096;"2018-03-18 06:07:44";15
1097;"2012-12-31 14:22:29";17
1098;"2011-10-09 09:02:26";87
1098;"2018-06-19 09:57:44";18
1100;"2015-05-02 01:12:22";32
1102;"2016-03-25 04:08:57";17
1102;"2018-01-05 08:01:35";95
1102;"2018-08-23 12:03:43";50
1103;"2014-05-07 01:13:03";36
1103;"2015-08-26 11:19:08";32
1106;"2014-12-06 04:17:23";35
1107;"2017-05-29 01:24:02";28
1108;"2016-12-15 04:20:31";11
1109;"2013-08-28 03:55:23";13
1109;"2016-11-16 03:31:10";73
1110;"2014-04-16 01:30:47";71
1110;"2017-12-22 14:04:04";36
1112;"2011-09-14 22:49:15";10
1114;"2014-07-06 16:01:54";44
1118;"2018-06-27 20:38:15";54
1120;"2018-07-20 15:26:56";19
1121;"2013-04-09 14:12:06";55
1121;"2017-05-17 00:49:08";45
1122;"2010-08-15 02:05:51";24
1122;"2018-01-14 13:48:24";70
1126;"2011-01-28 00:09:00";32
1126;"2018-01-13 11:12:22";69
1128;"2012-12-02 09:51:15";18
1128;"2016-08-26 05:28:50";34
1129;"2019-04-17 17:46:14";16
1131;"2010-03-31 02:55:17";15
1131;"2011-04-19 08:54:49";84
1131;"2017-05-12 21:00:02";85
1134;"2012-01-18 01:20:34";37
1134;"2015-06-12 09:32:19";15
1137;"2012-06-18 22:18:56";39
1137;"2016-10-16 07:13:37";77
1137;"2019-01-01 01:09:58";60
1138;"2019-07-29 22:27:28";81
1139;"2016-12-11 17:26:02";60
1140;"2015-01-20 10:44:11";38
1140;"2016-08-04 16:42:27";16
1141;"2019-01-11 09:02:43";45
1142;"2015-09-17 01:13:37";85
1143;"2010-08-22 05:09:36";71
1143;"2011-03-22 17:03:11";77
1143;"2018-10-23 03:09:04";65
1144;"2014-05-20 12:46:34";61
1145;"2014-04-08 17:05:04";38
1147;"2017-02-01 11:34:53";89
1148;"2013-06-08 10:41:17";67
1149;"2012-01-09 08:53:13";34
1150;"2010-12-04 19:47:04";10
1150;"2011-06-15 20:32:41";92
1150;"2011-12-05 02:12:48";12
1151;"2016-01-15 18:58:15";53
1154;"2011-11-03 14:06:14";20
1156;"2009-11-22 12:14:31";54
1156;"2016-02-25 21:22:02";78
1157;"2018-12-11 02:07:26";54
1158;"2017-01-18 05:34:00";14
1159;"2018-10-01 14:58:02";23
1162;"2017-07-13 16:22:35";74
1162;"2017-11-09 17:38:01";18
1163;"2013-03-31 05:19:17";82
1163;"2016-10-12 21:21:42";36
1163;"2018-07-15 10:26:48";26
1164;"2014-06-26 17:48:07";18
1165;"2015-04-08 17:27:48";49
1166;"2010-08-18 05:30:35";98
1166;"2012-11-11 11:51:45";82
1166;"2015-05-16 09:16:45";90
1167;"2011-07-25 12:03:44";89
1167;"2014-09-21 19:31:42";22
1167;"2017-05-13 16:09:08";51
1168;"2011-05-30 09:09:12";64
1168;"2017-10-17 01:30:58";17
1169;"2012-11-10 03:45:27";29
1170;"2013-09-20 21:07:21";51
1170;"2017-11-09 17:10:24";92
1170;"2018-05-12 05:23:48";94
1171;"2010-05-16 00:22:23";55
1171;"2018-11-16 00:53:09";39
1172;"2013-07-01 02:27:21";61
1172;"2018-01-31 11:37:45";73
1172;"2019-08-27 20:00:09";37
1173;"2017-10-19 04:17:57";16
1174;"2009-11-04 18:16:57";13
1176;"2012-05-02 15:32:41";17
1176;"2015-05-10 22:43:04";95
1177;"2010-01-17 20:28:22";95
1177;"2012-11-26 04:18:01";77
1177;"2017-10-15 18:30:37";91
1178;"2017-06-19 21:11:26";61
1178;"2018-02-12 17:33:25";53
1178;"2018-09-29 17:49:48";32
1179;"2012-11-20 12:16:42";57
1181;"2012-09-21 14:02:10";20
1181;"2016-09-26 07:48:31";13
1182;"2017-11-12 08:54:34";60
1183;"2012-05-05 17:16:13";73
1183;"2012-08-11 00:16:34";100
1183;"2018-02-24 01:19:00";23
1185;"2018-02-20 14:39:58";27
1186;"2014-06-27 03:44:30";82
1188;"2013-02-28 05:03:33";100
1188;"2016-02-21 22:32:02";64
1189;"2018-12-13 21:17:52";65
1192;"2015-02-28 13:47:53";83
1193;"2014-12-01 08:29:17";62
1193;"2015-01-30 18:33:12";59
1193;"2018-04-21 13:55:23";30
1193;"2019-01-20 09:48:43";14
1197;"2013-01-10 06:54:56";78
1197;"2015-11-05 09:54:47";81
1197;"2016-04-12 11:05:01";18
1197;"2018-05-12 13:57:56";61
1198;"2012-12-06 18:29:10";38
1199;"2015-07-25 14:25:03";36
1200;"2017-01-23 19:38:10";15
1203;"2011-08-06 03:48:56";29
1204;"2016-10-29 18:15:05";99
1205;"2011-11-09 03:44:32";51
1205;"2015-03-12 01:06:48";20
1207;"2019-03-08 16:19:05";21
1208;"2012-02-27 09:20:43";57
1209;"2011-01-13 00:08:40";18
1209;"2016-10-01 06:25:56";22
1211;"2014-12-22 11:13:49";56
1211;"2015-09-12 00:55:24";71
1212;"2014-05-20 20:10:33";81
1212;"2015-06-24 00:05:24";100
1212;"2017-12-21 07:00:47";52
1214;"2010-06-11 17:02:04";51
1214;"2017-01-22 13:42:33";18
1216;"2013-04-09 19:16:25";62
1218;"2011-03-11 18:33:44";69
1222;"2013-01-16 09:16:09";26
1224;"2014-04-17 12:52:49";16
1224;"2014-06-12 02:26:36";66
1225;"2019-09-17 05:05:20";46
1227;"2012-12-11 14:33:12";78
1227;"2016-06-28 01:20:02";45
1227;"2019-07-22 14:38:45";50
1228;"2013-05-08 19:16:17";73
1229;"2013-08-02 03:57:11";99
1230;"2014-11-24 08:51:57";65
1232;"2014-12-13 18:00:14";53
1233;"2011-01-04 09:53:00";89
1233;"2015-06-07 13:56:54";31
1235;"2013-05-27 06:47:25";36
1236;"2015-10-27 02:37:24";18
1236;"2016-11-22 01:51:21";95
1238;"2014-10-17 12:57:26";99
1238;"2016-01-10 02:03:18";10
1241;"2010-12-09 11:37:49";56
1241;"2014-01-19 10:40:02";72
1242;"2015-10-06 11:04:31";20
1243;"2016-10-11 09:01:46";72
1243;"2017-04-25 00:10:33";10
1243;"2017-11-21 04:31:27";23
1244;"2012-01-11 13:58:05";57
1245;"2013-06-20 19:16:35";76
1245;"2014-10-21 21:11:03";72
1247;"2009-12-20 08:06:36";92
1247;"2016-01-30 13:21:36";78
1248;"2018-02-25 14:48:18";82
1248;"2019-01-07 02:01:21";34
1249;"2012-06-06 22:57:32";25
1252;"2014-04-17 19:14:40";34
1252;"2017-01-21 14:43:42";58
1253;"2013-08-19 18:16:27";12
1254;"2011-06-21 00:43:25";65
1254;"2013-01-29 06:29:42";93
1255;"2018-09-08 07:11:13";40
1256;"2010-02-03 14:16:02";26
1256;"2010-07-03 13:11:16";38
1256;"2017-05-14 20:14:27";99
1257;"2018-03-20 16:36:13";82
1258;"2017-11-18 16:42:29";36
1259;"2017-05-10 13:44:43";12
1260;"2016-06-29 00:10:05";34
1262;"2011-01-22 14:35:03";59
1262;"2013-04-27 15:12:11";37
1263;"2013-11-29 12:56:08";89
1263;"2015-09-17 18:14:55";77
1263;"2019-11-22 17:19:42";32
1265;"2011-04-01 20:24:35";14
1265;"2012-10-07 22:47:38";28
1266;"2017-12-28 04:14:55";67
1267;"2018-12-08 01:28:27";59
1268;"2016-06-20 08:06:07";48
1270;"2012-04-12 05:11:47";98
1271;"2015-04-22 07:34:54";34
1271;"2019-04-13 04:11:54";49
1279;"2012-08-26 08:32:31";84
1279;"2019-03-18 03:08:47";17
1283;"2019-06-09 12:44:14";13
1285;"2010-11-27 17:06:54";88
1285;"2013-10-13 13:50:53";63
1288;"2013-10-09 19:01:42";76
1289;"2013-09-23 15:34:03";92
1291;"2018-08-26 21:13:53";11
1293;"2010-01-23 10:17:22";59
1293;"2012-10-23 05:26:18";28
1293;"2013-08-23 22:00:17";31
1293;"2014-09-26 19:11:22";52
1293;"2016-08-03 01:23:15";44
1294;"2013-05-26 16:38:41";19
1295;"2012-04-29 07:21:33";19
1295;"2012-08-25 15:33:50";91
1298;"2016-12-19 09:56:47";56
1300;"2016-02-15 04:05:54";41
1301;"2013-04-15 13:17:52";47
1304;"2013-08-10 11:44:32";84
1304;"2014-08-08 14:03:36";14
1304;"2014-11-07 06:46:50";69
1304;"2017-01-05 18:27:43";42
1307;"2011-06-10 09:56:37";60
1309;"2018-06-30 10:40:40";49
1310;"2014-08-04 16:19:50";57
1311;"2016-08-04 10:22:33";78
1311;"2018-04-13 10:50:14";71
1313;"2010-06-10 10:18:09";27
1314;"2018-12-15 18:27:01";85
1316;"2019-06-24 05:19:55";73
1317;"2018-02-27 21:42:48";45
1318;"2010-04-09 16:11:10";44
1319;"2012-12-31 09:33:57";46
1323;"2016-08-01 21:11:41";79
1325;"2018-01-20 06:49:01";55
1326;"2010-11-21 19:35:07";64
1326;"2018-08-14 11:18:03";99
1326;"2019-06-21 14:55:01";90
1327;"2011-02-09 11:41:45";27
1327;"2012-08-10 05:45:14";28
1327;"2014-05-15 16:09:47";66
1329;"2015-06-26 12:20:58";69
1329;"2019-02-07 16:17:02";13
1332;"2015-08-11 16:11:40";25
1333;"2010-10-24 01:44:45";14
1333;"2019-04-03 20:27:41";36
1334;"2013-12-30 17:27:34";16
1334;"2014-04-26 20:51:24";33
1337;"2012-09-16 12:27:26";66
1337;"2014-06-22 21:55:18";21
1339;"2012-11-05 15:40:08";83
1342;"2018-12-29 04:01:13";29
1343;"2014-01-23 12:56:44";20
1343;"2016-06-27 08:24:10";68
1344;"2015-05-12 03:58:36";32
1344;"2017-09-16 18:28:17";52
1348;"2019-04-24 11:24:20";79
1349;"2013-05-19 09:57:26";66
1351;"2018-11-07 08:07:58";29
1352;"2018-08-29 05:24:19";97
1354;"2015-06-20 13:34:18";71
1355;"2010-06-26 13:22:39";16
1356;"2017-10-23 05:48:49";63
1356;"2018-02-27 22:43:58";56
1357;"2015-09-05 07:23:01";13
1357;"2018-06-16 03:20:27";57
1360;"2017-06-30 04:23:01";41
1361;"2011-05-26 16:39:44";78
1361;"2019-05-17 21:38:14";34
1361;"2019-10-28 09:37:14";36
1364;"2010-05-18 06:44:34";85
1365;"2016-04-19 00:33:02";24
1367;"2014-11-22 06:17:08";48
1372;"2015-11-08 14:18:58";73
1372;"2019-05-10 05:21:25";48
1373;"2012-12-27 22:23:32";28
1373;"2018-11-13 08:53:41";89
1375;"2017-03-20 00:31:15";35
1376;"2012-10-13 18:47:45";86
1376;"2016-03-17 02:22:20";23
1376;"2017-12-04 11:40:31";68
1377;"2012-01-17 05:46:25";83
1377;"2016-10-31 06:15:17";18
1377;"2017-11-20 18:39:56";11
1379;"2011-04-09 18:11:05";77
1379;"2015-04-28 22:07:38";52
1379;"2017-08-21 07:46:39";57
1380;"2014-11-07 15:42:37";94
1381;"2017-09-27 20:21:08";14
1382;"2013-09-25 02:23:08";87
1382;"2016-04-14 16:40:10";85
1382;"2018-12-23 00:05:44";27
1383;"2010-01-08 05:07:14";19
1386;"2014-05-20 11:41:18";92
1386;"2014-10-28 14:21:51";53
1386;"2015-08-27 08:42:05";80
1386;"2016-06-09 14:00:00";34
1386;"2016-08-12 00:45:15";89
1386;"2017-10-23 04:14:25";63
1387;"2012-12-21 06:45:22";38
1387;"2017-03-26 11:25:20";98
1388;"2012-05-03 14:39:28";74
1391;"2017-04-26 18:42:33";63
1392;"2014-09-24 19:29:44";27
1394;"2015-11-04 03:16:08";85
1395;"2013-12-13 16:07:36";94
1395;"2018-07-04 19:42:27";68
1396;"2013-01-08 16:42:11";45
1396;"2014-06-28 05:46:34";10
1396;"2017-05-13 12:31:39";74
1397;"2011-02-04 16:25:50";16
1397;"2013-03-18 03:22:19";55
1397;"2013-05-01 19:57:29";28
1399;"2017-08-04 02:35:35";78
1399;"2018-09-25 00:38:57";22
1400;"2009-12-28 00:36:24";56
1401;"2010-07-10 13:50:42";17
1402;"2012-04-06 16:53:45";60
1402;"2015-05-15 12:22:50";39
1404;"2019-03-04 18:31:07";21
1405;"2014-03-19 13:26:00";12
1405;"2018-01-31 10:19:22";39
1405;"2019-09-29 06:50:56";26
1406;"2011-06-09 15:01:04";95
1407;"2012-02-20 12:43:11";99
1407;"2013-02-25 01:11:44";63
1408;"2019-09-18 02:12:55";81
1409;"2018-02-06 00:47:11";11
1409;"2019-09-12 08:57:41";67
1410;"2013-01-22 09:19:23";27
1413;"2013-03-26 11:08:06";94
1413;"2015-03-11 15:15:57";35
1414;"2012-05-08 13:58:38";43
1416;"2011-05-03 21:58:23";56
1416;"2017-03-23 11:39:16";47
1419;"2017-01-27 19:15:39";67
1420;"2015-07-24 00:56:21";37
1420;"2018-10-02 09:03:10";48
1422;"2012-03-22 09:28:24";14
1423;"2019-09-03 17:25:00";56
1424;"2012-07-09 05:22:25";63
1424;"2016-11-09 12:06:24";18
1426;"2015-07-16 03:11:33";11
1427;"2019-07-24 04:14:15";50
1428;"2014-02-07 11:42:26";32
1429;"2012-06-12 01:08:41";28
1429;"2016-03-09 08:30:30";56
1430;"2016-10-02 17:42:53";41
1431;"2012-04-29 22:41:03";33
1432;"2019-11-09 09:54:26";27
1434;"2010-04-18 08:00:03";33
1434;"2012-03-31 09:54:30";95
1434;"2019-04-03 21:10:34";14
1435;"2016-08-22 08:15:56";98
1435;"2018-09-26 15:56:30";21
1436;"2010-07-07 09:18:20";37
1436;"2019-02-12 15:03:50";66
1437;"2015-04-10 11:20:52";74
1438;"2014-12-23 02:41:56";59
1439;"2016-11-25 17:54:40";50
1440;"2013-09-09 13:21:50";87
1440;"2013-12-16 18:03:14";59
1440;"2017-11-02 19:13:00";46
1441;"2013-05-19 15:48:58";50
1442;"2014-04-18 01:26:11";48
1443;"2010-04-02 00:47:39";52
1444;"2014-02-27 02:56:51";91
1446;"2017-01-21 02:55:44";56
1447;"2013-01-21 10:57:13";66
1447;"2014-12-09 21:48:06";77
1448;"2018-11-15 12:24:54";10
1449;"2011-04-06 18:48:47";22
1451;"2014-01-13 14:33:08";92
1452;"2019-05-27 21:04:12";60
1453;"2014-08-27 19:05:27";77
1455;"2013-06-02 05:57:38";45
1455;"2015-03-21 21:55:35";94
1456;"2012-10-22 11:02:06";95
1456;"2015-10-31 04:29:18";72
1457;"2018-06-03 13:49:31";96
1459;"2017-12-31 17:07:35";38
1461;"2010-04-10 06:48:08";13
1462;"2012-07-10 13:33:47";68
1462;"2014-02-02 12:26:21";47
1463;"2012-05-15 20:34:16";86
1463;"2012-09-20 04:30:53";50
1463;"2015-09-04 17:03:35";95
1464;"2011-03-27 19:02:20";21
1464;"2012-09-12 15:44:36";85
1465;"2010-07-27 22:21:06";64
1467;"2017-12-06 17:25:31";56
1467;"2019-01-29 21:26:14";39
1468;"2012-04-07 01:13:15";40
1469;"2015-08-08 19:29:10";40
1471;"2017-01-31 01:20:11";92
1473;"2017-02-02 14:10:54";11
1474;"2014-10-03 14:12:12";65
1474;"2015-11-20 22:47:15";53
1474;"2017-05-17 13:58:01";82
1474;"2018-03-08 19:45:31";86
1476;"2016-06-22 06:29:16";37
1476;"2016-11-10 02:36:40";96
1477;"2018-05-03 22:04:28";67
1479;"2016-02-11 17:26:52";54
1479;"2018-05-17 13:31:19";50
1480;"2012-12-18 12:09:52";64
1480;"2019-11-06 14:25:53";88
1481;"2017-12-30 22:38:21";42
1483;"2017-04-27 13:31:10";31
1484;"2017-01-18 21:56:33";91
1485;"2018-01-25 20:36:10";39
1487;"2016-04-15 13:18:47";18
1487;"2018-05-28 06:03:38";21
1489;"2010-03-21 14:07:10";36
1489;"2011-07-15 06:26:33";62
1490;"2016-05-28 05:55:10";30
1491;"2012-07-20 11:39:25";58
1492;"2019-03-08 09:06:52";10
1494;"2012-06-20 15:05:46";81
1495;"2011-08-03 01:45:29";44
1495;"2012-09-23 21:05:40";41
1497;"2010-02-18 10:24:11";39
1499;"2015-03-28 02:58:21";81
1500;"2012-03-07 10:45:46";65
1500;"2019-11-22 14:51:21";86
1501;"2014-11-06 08:35:39";16
1501;"2014-11-30 04:05:48";57
1501;"2019-10-11 03:06:03";52
1503;"2018-04-07 19:33:52";33
1505;"2013-12-27 07:37:48";42
1506;"2017-05-07 02:30:37";67
1508;"2010-05-19 12:15:09";42
1509;"2010-11-13 15:09:34";10
1509;"2018-10-31 22:36:24";88
1512;"2011-05-27 07:21:46";70
1512;"2016-10-18 18:17:19";37
1512;"2019-04-12 02:18:41";45
1514;"2012-02-20 20:32:19";32
1515;"2014-12-15 21:01:05";46
1516;"2012-09-26 15:12:33";11
1516;"2019-02-27 03:57:28";21
1518;"2011-01-23 16:48:53";15
1518;"2014-11-15 08:36:42";56
1518;"2015-04-04 01:57:17";67
1520;"2017-10-27 03:19:08";93
1521;"2017-10-28 14:09:05";38
1521;"2017-12-30 14:51:10";81
1522;"2015-05-08 05:58:20";58
1522;"2018-03-02 21:44:30";80
1522;"2019-11-10 20:33:36";88
1524;"2010-07-25 21:18:08";99
1524;"2013-10-06 20:46:28";78
1525;"2018-05-25 13:51:54";41
1527;"2011-12-30 18:20:16";89
1527;"2017-09-22 13:28:07";16
1528;"2011-01-25 21:25:38";16
1529;"2016-07-03 11:09:01";71
1530;"2011-10-01 04:22:24";19
1531;"2015-05-21 07:13:26";58
1531;"2017-08-24 20:36:13";22
1531;"2018-03-04 18:24:46";67
1532;"2011-08-11 05:07:50";93
1532;"2017-06-29 17:10:15";20
1532;"2018-09-06 15:46:24";61
1533;"2013-10-16 03:24:15";23
1533;"2014-02-25 03:08:18";47
1535;"2013-02-15 13:23:12";51
1537;"2010-03-08 06:14:07";96
1538;"2013-07-10 19:31:58";76
1538;"2013-07-11 04:03:02";26
1538;"2014-12-06 17:46:24";21
1538;"2017-12-06 06:02:13";53
1539;"2012-01-22 00:36:47";33
1540;"2011-07-29 18:53:43";48
1544;"2016-09-02 17:00:12";38
1545;"2017-02-28 01:05:04";29
1548;"2015-02-14 19:06:05";25
1549;"2013-10-06 18:40:06";11
1549;"2015-05-03 18:38:39";25
1550;"2013-05-06 15:49:05";74
1554;"2019-04-29 14:35:36";95
1557;"2018-12-25 22:56:10";34
1557;"2019-08-19 06:26:51";75
1558;"2014-06-14 20:32:21";77
1558;"2018-06-26 17:16:12";64
1559;"2019-03-15 01:29:27";52
1560;"2010-10-26 15:36:10";72
1560;"2015-12-21 15:56:02";62
1560;"2018-09-15 22:12:12";72
1563;"2013-06-26 10:13:39";56
1564;"2015-07-16 11:39:44";37
1565;"2011-09-14 11:10:06";80
1566;"2017-04-27 04:17:32";97
1568;"2010-03-22 00:15:31";58
1568;"2013-02-15 08:37:43";36
1569;"2017-08-27 04:38:23";74
1570;"2010-09-27 05:05:51";87
1571;"2014-01-11 20:42:47";90
1572;"2012-07-29 02:20:11";70
1572;"2014-05-02 11:46:43";25
1573;"2017-09-14 07:33:31";90
1574;"2014-10-17 06:05:44";100
1575;"2015-03-30 10:54:49";23
1575;"2018-08-30 22:51:37";50
1576;"2019-01-18 06:33:36";51
1577;"2011-09-11 16:14:44";48
1580;"2010-05-19 13:28:30";12
1582;"2012-01-30 06:55:51";30
1584;"2011-07-08 21:03:01";86
1585;"2014-06-14 10:31:39";94
1586;"2014-10-18 18:56:46";52
1586;"2015-08-30 22:53:14";97
1588;"2013-03-31 22:34:25";22
1588;"2018-08-23 22:24:27";76
1589;"2014-02-09 02:27:14";88
1589;"2015-07-06 22:55:31";95
1589;"2017-07-02 18:25:22";25
1590;"2010-10-08 14:11:56";27
1590;"2016-04-14 08:20:48";65
1590;"2016-05-04 14:42:32";32
1591;"2014-02-14 16:35:45";64
1592;"2013-02-22 20:18:17";90
1593;"2012-10-07 11:51:04";45
1593;"2015-04-16 00:05:19";76
1594;"2014-02-08 15:30:33";10
1594;"2017-02-15 22:01:27";94
1595;"2014-02-27 06:56:56";23
1597;"2018-03-25 22:44:58";42
1598;"2018-04-04 14:34:30";18
1599;"2018-08-09 13:40:06";77
1600;"2016-11-18 18:22:28";98
1601;"2016-01-27 15:37:16";76
1603;"2012-07-13 12:29:34";52
1603;"2013-11-19 08:45:04";63
1606;"2012-01-10 16:22:57";14
1606;"2013-09-21 17:30:25";88
1606;"2018-02-08 22:19:50";35
1607;"2013-01-16 02:10:38";67
1607;"2017-05-05 12:57:24";26
1608;"2019-01-04 02:29:58";99
1609;"2010-11-22 17:07:43";52
1610;"2014-05-25 12:54:33";30
1610;"2015-07-06 20:37:23";24
1612;"2014-12-19 15:24:44";75
1613;"2009-12-09 03:04:03";85
1614;"2013-02-11 22:23:04";16
1614;"2016-03-27 06:29:06";92
1615;"2011-10-03 21:37:36";100
1618;"2010-01-10 13:31:47";43
1618;"2013-02-18 14:18:35";62
1619;"2010-12-17 00:15:00";67
1619;"2015-03-14 16:06:35";44
1620;"2010-06-26 13:46:15";48
1622;"2010-01-23 18:36:40";10
1622;"2013-09-20 22:54:06";40
1622;"2018-11-11 06:06:22";56
1623;"2014-12-19 15:24:24";67
1623;"2017-09-03 18:29:27";23
1624;"2010-01-06 11:41:23";33
1624;"2019-08-04 06:01:06";74
1626;"2017-05-19 22:11:11";97
1627;"2010-11-19 18:52:20";71
1627;"2018-12-23 12:25:30";47
1628;"2018-09-23 10:05:00";27
1629;"2014-02-05 09:36:18";70
1631;"2016-09-18 11:36:41";98
1632;"2009-11-02 22:51:54";48
1633;"2011-11-20 01:26:33";95
1633;"2017-03-04 09:14:08";24
1636;"2009-12-08 10:15:50";62
1636;"2012-12-01 11:55:18";13
1636;"2013-10-29 10:12:06";65
1637;"2010-09-26 12:41:21";28
1637;"2016-01-14 08:20:46";19
1640;"2012-01-27 03:28:01";27
1641;"2010-11-09 00:07:37";86
1641;"2014-09-15 01:05:32";80
1644;"2015-12-25 12:39:13";42
1648;"2010-09-06 22:31:53";100
1648;"2015-01-05 19:16:51";77
1649;"2019-02-13 22:36:25";51
1651;"2018-10-14 00:29:10";34
1652;"2017-01-10 22:57:55";19
1652;"2018-09-01 19:39:29";18
1653;"2015-02-20 15:45:31";66
1657;"2019-09-15 00:37:10";21
1659;"2018-06-17 16:15:21";68
1661;"2010-08-30 11:57:25";46
1663;"2019-06-05 11:38:52";18
1665;"2015-11-07 17:31:58";58
1665;"2018-09-23 17:47:40";49
1666;"2010-09-03 00:18:07";52
1666;"2016-06-23 22:28:45";62
1669;"2014-07-16 18:04:04";21
1669;"2015-10-30 04:41:57";75
1669;"2018-01-28 21:16:36";73
1672;"2012-10-02 08:38:54";71
1672;"2015-09-12 13:24:34";87
1673;"2011-09-29 19:17:55";60
1675;"2018-10-06 11:06:56";61
1676;"2013-07-26 18:58:50";36
1677;"2013-04-10 17:35:43";45
1677;"2016-02-04 11:52:00";83
1678;"2011-09-06 04:50:12";31
1678;"2017-04-29 16:42:43";61
1679;"2014-08-04 15:41:41";95
1679;"2019-08-13 10:26:05";90
1680;"2013-08-06 12:50:35";88
1681;"2016-10-28 06:51:28";53
1682;"2015-07-30 15:11:30";83
1683;"2016-02-04 14:20:36";94
1683;"2019-05-28 17:55:09";99
1689;"2014-04-16 16:13:02";96
1689;"2014-05-02 16:46:31";19
1689;"2019-11-13 00:06:56";92
1691;"2014-11-22 10:42:42";41
1692;"2011-08-29 01:19:30";34
1692;"2016-09-09 01:12:54";91
1694;"2017-07-07 05:51:45";16
1695;"2016-10-05 00:32:23";12
1696;"2014-03-01 17:06:18";88
1697;"2010-05-12 13:49:05";43
1698;"2010-03-22 00:26:23";17
1698;"2010-09-02 15:43:40";98
1699;"2015-10-21 19:40:44";34
1700;"2013-01-31 20:58:54";29
1701;"2013-07-07 22:02:53";98
1701;"2016-02-01 06:38:13";28
1704;"2014-03-13 09:41:14";24
1705;"2011-06-02 04:23:53";62
1705;"2016-11-25 02:58:17";46
1707;"2010-06-28 00:11:55";50
1707;"2012-06-19 18:16:15";95
1707;"2014-07-25 11:18:12";27
1707;"2015-10-18 20:37:30";25
1709;"2019-03-06 19:40:57";95
1711;"2014-07-07 15:22:00";41
1719;"2015-04-12 17:47:21";28
1719;"2019-07-16 12:54:26";22
1720;"2011-12-22 01:29:53";64
1721;"2017-08-25 07:45:45";90
1722;"2013-11-12 09:01:39";63
1722;"2014-10-08 21:57:11";19
1722;"2015-12-22 04:39:04";36
1722;"2019-06-04 21:41:31";84
1723;"2016-03-15 22:48:16";32
1723;"2019-01-14 08:49:29";23
1724;"2019-03-22 19:03:14";59
1725;"2019-08-03 07:42:54";70
1726;"2010-03-20 19:55:25";29
1726;"2018-03-04 05:00:07";10
1727;"2011-02-11 10:20:03";23
1727;"2016-01-18 22:13:12";35
1728;"2016-09-24 21:26:29";28
1728;"2017-10-18 19:51:43";32
1729;"2014-05-15 06:46:19";36
1729;"2017-07-24 07:08:52";63
1730;"2014-11-26 19:21:55";30
1730;"2016-06-06 11:03:36";82
1731;"2015-01-23 02:11:30";43
1731;"2015-03-02 16:01:14";26
1732;"2011-05-14 10:40:24";58
1732;"2017-02-04 10:14:06";13
1734;"2011-03-05 22:16:45";20
1735;"2014-07-02 07:02:57";22
1738;"2011-08-21 03:21:41";26
1738;"2013-12-24 15:15:01";92
1738;"2017-03-26 01:45:53";85
1740;"2018-08-14 10:13:40";10
1741;"2012-09-23 07:54:21";42
1742;"2012-03-02 04:18:45";44
1743;"2017-08-09 11:06:30";68
1744;"2019-01-28 20:33:12";61
1745;"2014-02-09 10:29:04";80
1745;"2015-07-13 02:40:49";63
1746;"2015-12-09 12:57:26";53
1747;"2016-06-15 10:13:54";85
1749;"2011-02-16 12:28:48";96
1750;"2011-06-24 03:37:44";33
1750;"2014-05-01 12:39:30";19
1751;"2013-12-21 22:52:48";92
1754;"2010-07-24 07:16:43";73
1755;"2013-08-06 05:19:04";64
1756;"2012-03-04 03:09:42";78
1756;"2014-05-18 01:36:40";12
1756;"2017-02-21 03:05:46";66
1759;"2013-08-30 22:57:57";68
1760;"2010-04-29 18:37:20";70
1760;"2012-06-19 02:04:01";97
1762;"2019-08-15 13:37:44";16
1764;"2012-10-26 20:23:47";70
1765;"2019-03-22 21:19:30";95
1768;"2014-09-15 11:46:22";28
1769;"2014-05-30 08:42:47";10
1771;"2017-06-25 00:41:54";95
1773;"2015-11-21 20:12:19";42
1774;"2015-11-30 19:57:43";31
1777;"2018-10-16 07:16:53";45
1778;"2010-08-25 16:53:07";32
1778;"2011-07-06 22:42:29";71
1779;"2018-11-01 00:05:11";67
1780;"2014-09-23 00:35:14";34
1780;"2015-02-20 09:21:15";60
1780;"2017-01-03 05:05:42";89
1781;"2019-08-22 19:46:33";57
1782;"2018-06-24 12:35:42";47
1784;"2010-09-12 20:22:26";35
1786;"2013-02-12 16:06:30";59
1786;"2015-01-10 00:30:51";91
1786;"2016-11-23 01:27:35";50
1787;"2017-07-27 20:27:42";13
1789;"2017-11-01 11:19:54";70
1790;"2012-10-30 20:43:58";82
1792;"2013-05-01 08:45:22";34
1793;"2015-09-04 00:23:20";57
1794;"2010-07-26 12:02:37";43
1794;"2012-06-09 06:24:37";28
1795;"2016-03-29 10:39:17";39
1795;"2018-04-17 15:00:21";96
1796;"2014-06-09 02:01:52";12
1798;"2011-12-03 05:08:30";38
1801;"2012-09-19 00:06:03";75
1802;"2016-03-03 09:56:27";75
1804;"2011-05-08 19:30:00";13
1804;"2017-01-09 18:33:49";83
1810;"2016-04-12 08:46:03";35
1811;"2016-09-24 04:28:14";63
1813;"2010-03-27 22:22:52";22
1814;"2018-12-23 22:15:13";24
1815;"2014-04-07 15:46:36";63
1817;"2019-02-22 18:14:46";12
1818;"2018-08-24 06:37:25";83
1819;"2010-09-14 19:10:51";90
1819;"2012-05-27 05:41:34";61
1819;"2012-11-25 06:50:32";69
1820;"2018-03-06 03:33:18";49
1825;"2018-11-24 03:48:13";55
1826;"2012-07-03 04:03:06";74
1826;"2015-12-21 04:06:36";77
1828;"2012-02-19 02:16:45";89
1828;"2017-10-11 20:47:46";96
1830;"2014-03-14 04:03:53";85
1830;"2018-02-02 12:44:02";28
1832;"2010-11-09 12:34:39";67
1833;"2010-09-14 15:10:20";51
1835;"2015-02-28 03:58:21";90
1835;"2018-07-13 09:29:01";41
1837;"2016-03-23 15:05:30";13
1838;"2011-03-04 05:48:04";18
1840;"2009-12-22 17:17:17";99
1840;"2019-05-20 03:35:46";12
1841;"2017-08-15 21:18:02";91
1841;"2018-12-01 12:18:00";13
1842;"2015-04-13 11:22:53";89
1843;"2010-02-07 03:34:23";77
1844;"2013-12-24 01:28:16";42
1845;"2013-05-05 19:46:30";94
1846;"2018-02-01 04:07:16";92
1846;"2019-09-18 12:05:02";36
1847;"2017-09-11 02:37:12";100
1847;"2019-03-26 18:36:58";56
1848;"2017-11-25 12:32:13";16
1850;"2016-10-12 12:29:58";38
1850;"2017-07-03 17:32:04";78
1850;"2018-09-22 04:52:56";75
1851;"2015-07-18 01:45:17";18
1852;"2017-11-12 00:54:19";95
1852;"2019-04-03 08:54:29";53
1854;"2016-10-01 08:58:41";88
1855;"2013-08-24 22:11:29";41
1855;"2018-02-08 15:16:13";70
1858;"2014-04-20 05:09:18";70
1858;"2019-09-25 09:31:33";95
1859;"2013-05-31 12:37:01";49
1859;"2015-02-06 05:11:43";48
1860;"2010-01-20 12:14:05";62
1860;"2015-03-26 20:09:27";57
1861;"2013-07-22 01:51:35";34
1862;"2012-11-08 06:45:56";10
1863;"2010-05-19 08:06:04";84
1864;"2012-02-16 15:50:46";52
1865;"2010-05-30 09:44:50";15
1866;"2011-11-28 07:17:11";45
1868;"2014-10-27 09:49:02";81
1868;"2015-11-15 21:17:46";47
1868;"2019-09-14 02:08:26";28
1870;"2014-10-24 03:12:58";58
1870;"2018-11-01 17:37:23";68
1872;"2010-10-20 16:53:44";79
1872;"2013-01-14 21:54:40";86
1872;"2015-03-29 16:33:28";74
1873;"2016-06-06 03:53:25";11
1874;"2012-02-09 21:14:13";82
1875;"2011-07-15 13:17:36";92
1875;"2015-08-26 13:51:29";40
1876;"2014-03-04 06:08:19";92
1878;"2012-02-06 15:31:45";68
1878;"2013-01-22 15:17:45";17
1880;"2018-06-10 19:15:32";20
1881;"2013-07-11 03:34:14";88
1881;"2016-08-21 17:52:41";52
1882;"2011-09-04 21:00:38";19
1882;"2013-05-24 01:17:34";73
1883;"2017-07-12 05:33:02";73
1885;"2013-05-06 19:01:06";33
1886;"2013-07-27 05:26:58";30
1886;"2015-09-11 11:56:43";91
1888;"2019-09-07 08:54:29";13
1889;"2018-11-09 02:24:11";37
1889;"2019-01-15 07:20:12";97
1890;"2017-07-29 14:24:43";40
1893;"2015-07-07 20:38:04";75
1893;"2018-07-18 16:56:50";72
1894;"2010-08-29 21:31:08";66
1896;"2019-03-25 00:00:07";60
1897;"2011-04-09 17:32:03";48
1899;"2010-03-30 09:27:49";69
1899;"2011-12-02 07:14:37";22
1899;"2014-08-08 01:27:42";49
1899;"2015-11-17 19:58:19";39
1901;"2011-07-02 04:35:27";68
1901;"2015-07-08 19:28:02";95
1902;"2010-08-31 13:07:16";41
1902;"2015-10-31 14:30:28";65
1903;"2015-08-22 12:57:22";55
1903;"2018-12-13 13:23:45";64
1904;"2010-03-30 09:48:23";61
1904;"2012-07-28 06:55:31";95
1904;"2016-08-17 16:10:39";53
1907;"2013-10-10 11:27:54";74
1908;"2010-11-02 14:52:58";51
1908;"2012-02-20 20:48:57";63
1909;"2011-03-20 00:39:38";23
1909;"2017-08-18 17:12:49";91
1910;"2015-03-27 02:32:53";97
1910;"2015-08-11 01:29:25";76
1911;"2010-09-28 16:53:37";91
1914;"2009-11-28 00:43:05";94
1915;"2016-06-18 01:37:26";95
1916;"2018-06-13 19:06:29";98
1917;"2016-02-04 14:49:13";60
1917;"2019-07-12 18:31:20";12
1918;"2019-07-23 03:03:17";51
1919;"2011-06-10 16:08:08";65
1919;"2014-09-11 06:24:57";70
1920;"2016-06-10 00:12:37";19
1920;"2017-10-04 12:10:39";37
1922;"2009-11-15 05:01:40";77
1922;"2019-03-12 02:11:40";54
1923;"2016-01-11 08:49:16";64
1923;"2019-04-26 03:03:21";36
1924;"2017-10-06 16:21:54";63
1926;"2019-10-10 07:41:39";69
1927;"2011-02-25 02:10:03";70
1927;"2017-06-17 17:27:48";22
1928;"2018-08-25 07:52:12";31
1930;"2015-01-28 12:52:31";29
1930;"2015-08-06 03:06:17";28
1932;"2010-10-22 07:30:01";10
1933;"2010-01-20 06:24:24";55
1933;"2014-08-16 09:19:52";94
1936;"2017-07-22 01:07:58";16
1937;"2013-09-16 13:08:24";97
1938;"2017-01-06 19:42:11";41
1940;"2013-05-16 04:45:51";66
1940;"2014-01-15 14:16:06";71
1940;"2018-09-04 21:17:49";87
1942;"2018-06-01 01:26:34";34
1944;"2019-09-06 14:25:16";93
1947;"2012-08-29 04:09:42";62
1948;"2019-01-27 14:22:20";58
1949;"2011-01-05 00:10:57";46
1949;"2015-06-09 14:08:32";96
1950;"2018-01-05 14:17:27";38
1954;"2010-01-16 12:12:19";92
1954;"2013-03-27 06:43:16";94
1954;"2014-03-05 14:33:50";72
1957;"2011-06-04 16:42:16";70
1957;"2016-03-01 01:31:54";59
1959;"2017-05-05 20:37:37";47
1961;"2016-11-17 00:48:41";82
1962;"2013-10-31 14:21:28";56
1962;"2015-02-06 07:21:10";72
1963;"2014-07-22 08:41:11";21
1965;"2010-01-06 16:39:03";43
1965;"2019-04-21 10:04:06";58
1966;"2018-08-11 00:42:04";88
1969;"2013-04-12 03:18:41";35
1970;"2011-03-04 20:37:07";54
1970;"2011-12-26 03:26:35";42
1970;"2016-04-13 15:00:37";28
1971;"2014-09-01 00:00:02";56
1972;"2012-01-05 17:01:43";95
1972;"2018-06-30 04:03:41";13
1974;"2014-01-22 05:45:48";16
1974;"2016-03-02 22:43:48";51
1975;"2019-01-19 01:19:15";69
1975;"2019-06-16 06:15:31";33
1977;"2011-04-29 20:02:08";55
1978;"2011-04-13 12:34:36";93
1979;"2015-04-21 22:36:05";73
1983;"2010-01-17 00:37:56";62
1985;"2013-07-21 05:01:01";83
1986;"2011-04-07 11:42:04";67
1986;"2017-10-21 01:55:15";26
1986;"2019-07-25 07:37:00";97
1988;"2013-10-01 03:56:26";34
1990;"2012-02-19 10:06:58";16
1991;"2010-10-09 15:21:06";61
1991;"2017-02-04 18:50:45";84
1992;"2017-05-25 21:36:10";68
1993;"2009-12-11 17:23:01";68
1993;"2013-01-25 05:13:46";26
1993;"2017-04-24 14:12:12";22
1994;"2015-03-08 01:33:29";25
1995;"2014-04-02 07:58:05";54
1996;"2013-10-13 18:29:32";89
1997;"2013-08-11 10:20:14";93
1997;"2014-01-04 15:04:18";81
1998;"2015-10-09 06:23:34";11
1998;"2017-03-02 21:24:51";93
1999;"2011-11-23 12:08:15";89
1999;"2013-07-03 16:32:24";66
1999;"2013-09-27 21:00:21";45
1999;"2019-10-02 05:39:45";86
2001;"2015-05-22 12:42:58";40
